Pm,gx,gy,gz,wx,wy,wz
0.939668504240298,0.608455247269815,-0.633950354733282,-0.543607822856818,-0.184215619095081,-0.838557473735946,-0.86525936645763
0.930460360045767,0.664775018888075,-0.643715599884259,-0.53896607614735,-0.174172221183995,-0.814776327684112,-0.871861070911722
0.922575084400231,0.719641583613362,-0.653199398526675,-0.541223882291358,-0.164069021366723,-0.7894364528388,-0.87824923621161
0.915923727356582,0.768772783820757,-0.662275257847693,-0.545710063214368,-0.153907680807326,-0.76262122714786,-0.884421289596398
0.910227982751793,0.806134764024299,-0.670464086318696,-0.54729515244396,-0.143695674744077,-0.734565864190488,-0.890369512783406
0.907470777874709,0.828908901899239,-0.678112158014822,-0.551419748025471,-0.133438817251189,-0.705569646916332,-0.896078469207268
0.907921169436409,0.840435404333903,-0.684789397372428,-0.56061494734939,-0.123142091820843,-0.67594151256374,-0.901537867824409
0.910425431146857,0.844145368199971,-0.690924298794998,-0.573152708841813,-0.112813804273345,-0.645845584040583,-0.906734844830359
0.916066976000352,0.834347841130506,-0.696412505711941,-0.591000729477404,-0.102460599264935,-0.615545160129543,-0.911687409551375
0.922738637215861,0.81428491014544,-0.700926717970043,-0.60904215622589,-0.0920907826159181,-0.585272821421989,-0.916380125422094
0.930167897904528,0.788131317434816,-0.705165808360226,-0.629778655112754,-0.0817095039348824,-0.555197079138837,-0.920810419681621
0.935963966323656,0.760723856090171,-0.709929843923681,-0.644687743728492,-0.0713191719097157,-0.525368837711407,-0.924986010612639
0.940512939915854,0.728792552392137,-0.715351642113885,-0.652032971537768,-0.06091463693183,-0.495822325981446,-0.928899179932465
0.9437273315734,0.694878194511794,-0.721004289687515,-0.651398094949788,-0.0504917460910733,-0.46664443254724,-0.932555073162888
0.943805264632646,0.668241232344233,-0.726761293831736,-0.636531051141201,-0.0400455158952635,-0.437764944400074,-0.935935680977649
0.941626358578491,0.646450358834687,-0.732534109577562,-0.611926429996447,-0.0295747835295583,-0.409009206680768,-0.939064158224795
0.938375516222851,0.629155440979092,-0.738072913619639,-0.585757742025677,-0.0190771403060694,-0.380289453128428,-0.941922495578067
0.933615907339966,0.617261247248125,-0.743243307344331,-0.557419542005916,-0.00855167258456369,-0.351498608904765,-0.944518411320148
0.925833977222751,0.611910099478054,-0.748078495115006,-0.522972231507117,0.00200195186777141,-0.322512045919308,-0.946851905451037
0.913618540819479,0.609889863029828,-0.753022782936752,-0.480355614978883,0.0125858095060114,-0.293220934008548,-0.948920405209841
0.897529917997405,0.607333582247947,-0.757997112801547,-0.435124652342001,0.0232028904254655,-0.26361474122118,-0.950708474031195
0.877853291622739,0.602186936940426,-0.762716875880509,-0.39062358755726,0.0338519487530888,-0.233758414590263,-0.952216111915099
0.852169968328625,0.603120624951263,-0.76764377094049,-0.347790019824127,0.0445299113353683,-0.203643177489709,-0.953445891622447
0.821829665781099,0.606051826914486,-0.77357154038204,-0.309140751298659,0.0552376087543347,-0.173178630670797,-0.954405531435922
0.787512054274283,0.613877661049563,-0.780490697244196,-0.275900547213165,0.0659747087771756,-0.142349853869175,-0.955107895159994
0.75210873268851,0.626488646240176,-0.789130156360928,-0.249320661028458,0.0767449490230279,-0.111045383933508,-0.955565846599132
0.725835274959176,0.631014554275005,-0.798719892734095,-0.231717761618557,0.087551651820013,-0.0793336785472927,-0.955789676796913
0.716596565375933,0.627015395007351,-0.807862160781852,-0.225482096269995,0.0983932390622728,-0.0474735604139056,-0.955792249557807
0.72161025044694,0.621780958238635,-0.816506363379066,-0.22888940744151,0.109260574347474,-0.0155820219591184,-0.955586428686284
0.737436981366751,0.609905355640627,-0.824336268493645,-0.238837629261504,0.120147843601404,0.0162192050132088,-0.955174786943238
0.752751731112536,0.592578419722713,-0.830722574381727,-0.247774253021445,0.131044249257667,0.0477588007618113,-0.954554751567776
0.760588269373209,0.5730980109037,-0.835614683918178,-0.250469325159823,0.141940654913931,0.0789191584970908,-0.953721177038109
0.760458374474115,0.542290437908973,-0.83870585203187,-0.243937664368918,0.152830415913952,0.109527027620042,-0.952671490593343
0.760060859511904,0.507053011066372,-0.839485363990975,-0.236116909790764,0.163701904109305,0.139331572157031,-0.951397973950796
0.752414281809948,0.473908119522394,-0.838762773797646,-0.223357572164656,0.174546813679686,0.168298826565092,-0.949898054349574
0.740406647173595,0.441358144233108,-0.837268577446015,-0.208369439311474,0.185360161132914,0.196435812145095,-0.948174304550571
0.726923165716473,0.408350620504884,-0.836413169799208,-0.193601200799692,0.196142777051018,0.223722342657036,-0.946231870075575
0.71213331048549,0.378580019592989,-0.836579191616056,-0.179912252487476,0.206905459000394,0.250165439401785,-0.944068178163692
0.685146528425707,0.352724917850432,-0.837440923903505,-0.161512183533992,0.217653190473224,0.275852868640237,-0.941698665380286
0.634520009692494,0.327457502477527,-0.838432311324111,-0.134412623532899,0.22839261612575,0.300826758177621,-0.939123331725358
0.564167528677271,0.307849021409239,-0.839382588580545,-0.1043262004318,0.239122905375942,0.325145033746127,-0.936344749959801
0.48627098803351,0.29493747956912,-0.840927382057311,-0.0766943531721755,0.24984239705974,0.348952509676231,-0.933373211127191
0.377077140377819,0.285888762021621,-0.843493604997731,-0.043572042725933,0.260552752341203,0.372359771456657,-0.930221579031999
0.408700240539783,0.275632653672498,-0.847079676241646,-0.0016200284643344,0.271257293548454,0.395363308436971,-0.926894999196012
0.542840396533502,0.270707036279047,-0.852390793220618,0.0407662245655196,0.281959343009614,0.417985062182396,-0.92339861714102
0.6555847542371,0.266249295731734,-0.859398495051759,0.0863423750691112,0.292666375962956,0.440287346738167,-0.919740151149703
0.736208031374499,0.252279092153664,-0.866796743442533,0.129348326511564,0.303385037064723,0.462128858424245,-0.915922173982956
0.790681259909688,0.23624837133929,-0.873349071147464,0.168093877645407,0.314111173404763,0.48331826679188,-0.91195240392346
0.831360279725312,0.226559292545421,-0.87888313170906,0.206933609147268,0.324835648580743,0.503901210296738,-0.907825695449429
0.862708037235071,0.218436000282998,-0.883055813372504,0.246281662367585,0.335550987354389,0.523934737008399,-0.90354719408265
0.888601245969178,0.206437902775604,-0.885253625995538,0.288228925565976,0.346245561577276,0.54334863391815,-0.899109181540441
0.90911027063616,0.191296044684821,-0.885424391292867,0.33124664955443,0.356905251354887,0.562028804886826,-0.894521948866377
0.923950043806074,0.17222009629174,-0.884156300844181,0.370591759638247,0.367518428538799,0.579867297413528,-0.889788068821354
0.93304590246713,0.14986167680658,-0.882412281187198,0.399642198691145,0.378077617890737,0.596764057960839,-0.884915259688053
0.938563251480806,0.125115432860964,-0.880911760194926,0.42001290775579603,0.388582819410702,0.612632197930472,-0.879908666988262
0.943175523918084,0.0998260179807242,-0.87974802631683,0.440051462843953,0.399036524844785,0.627446265106768,-0.874781154526451
0.946326299523335,0.0717854252747485,-0.878794586740075,0.456259736000656,0.409438734192986,0.641156232721018,-0.869535295063515
0.947298575526488,0.0454834133526683,-0.878204814000224,0.46329803671773,0.419792769783426,0.653744547521042,-0.864173661360347
0.947791833714461,0.0188939618582251,-0.878010331300488,0.46929362621746,0.430101953944226,0.66523753938511,-0.858709117221418
0.947605052018253,-0.00867534562723649,-0.877467993365452,0.472753913845986,0.440366286675388,0.675520234511449,-0.85314938092941
0.947183941495567,-0.0315816871143307,-0.876890869906886,0.474990697586418,0.450584106812849,0.684711995014877,-0.847512461810581
0.945508986519662,-0.05008399577155,-0.876452888542439,0.470298497108368,0.460756244938641,0.692959390551085,-0.8418112236694
0.944797825406606,-0.0592793767012824,-0.876615748038966,0.469058175297415,0.470879378724641,0.700367740633146,-0.836037948223187
0.945484939884708,-0.0606416936108989,-0.87780794279995,0.47359901446972,0.480954338752881,0.707135397010681,-0.830187489950153
0.946918628217633,-0.0602089333492391,-0.880040540946514,0.482323311953549,0.490985277933512,0.713389620761987,-0.824239266763145
0.949315630237348,-0.0621269185661898,-0.88321551054871,0.498094319115882,0.500979671504807,0.719127778899235,-0.818180414857694
0.951808476368299,-0.0617396032962079,-0.886482187440212,0.514945877821995,0.510940011212858,0.724343727784165,-0.8120109342338
0.954711335619707,-0.0509567461799094,-0.889465836662993,0.532802307419017,0.520865466475633,0.729184914735078,-0.805733397652356
0.957745392550907,-0.0296575048530603,-0.892131672693522,0.550730213188195,0.530756037293133,0.733896207619867,-0.79935295063515
0.96110250320348,-0.00353696304547535,-0.893899409752912,0.572635557713856,0.540608401337237,0.73864611765945,-0.792877311464866
0.964181016677233,0.021798619814946,-0.894321579515754,0.595491114881129,0.550415913951702,0.743466240707747,-0.786316771185078
0.966724941900128,0.0461857450422354,-0.893412412423492,0.616336930266585,0.560166116406072,0.74832410324823,-0.779686766361151
0.96885808475082,0.0695119362819903,-0.892205987221064,0.636131625473267,0.569849041715983,0.753195130727846,-0.772995015275768
0.969942961554557,0.0883324631650269,-0.891107080909547,0.646647031741727,0.579466351045495,0.758002088837009,-0.766251808972504
0.970499993913405,0.10412611604895,-0.889740958530912,0.651776498214147,0.589013891484458,0.76262122714786,-0.759464865734041
0.9706889921799,0.114574353428799,-0.887933692467511,0.652600576434306,0.59848917128678,0.766964779399503,-0.752636758321274
0.970347664606849,0.113482806042325,-0.885555627586185,0.646537715243135,0.607889698706369,0.770802797988398,-0.745767486734202
0.969847716935853,0.11134797591622,-0.883204442427587,0.638708972151622,0.617211320833074,0.773951851429274,-0.738854478211931
0.969818708481632,0.105233765422249,-0.881332348797607,0.636989339539147,0.626457359995017,0.776360157628205,-0.731892587232674
0.9696615240616,0.0980589307929585,-0.879406495722171,0.633844387964254,0.635627816192197,0.777912742783419,-0.724884386557325
0.969240162295278,0.0931284590481236,-0.877488548447538,0.627693232678065,0.644722689424615,0.778643835736667,-0.717829876185882
0.968203700818929,0.087812944282891,-0.87472151816674,0.614306166081193,0.653738657364148,0.7784998990688,-0.710739347161923
0.966708483016943,0.0938446308033385,-0.871097499078974,0.595655089629018,0.662664922444403,0.777584496967676,-0.703625663289918
0.964491993243207,0.107930925678331,-0.867168316080241,0.571117740175705,0.671503976411471,0.776154784577713,-0.696499115613443
0.961594762237231,0.124827580152313,-0.863125289549954,0.543389189859634,0.680247513445047,0.774291506858933,-0.689375140697861
0.958275009281973,0.13933548060919,-0.859317855883576,0.515980180077909,0.688893041799041,0.771979743546986,-0.682258884064962
0.95439201369085,0.156478364310809,-0.856043273191271,0.488831848100521,0.697442222637513,0.769213351003607,-0.675158063997427
0.94934721612144,0.180541693972393,-0.853431196606198,0.460043768644244,0.705892564214373,0.766116079656659,-0.668077826017045
0.941364742171178,0.205662549247137,-0.851094241889044,0.422892977045638,0.714254864096015,0.762822211885307,-0.661013024602026
0.930117090427325,0.226379578260149,-0.848278195643271,0.380682933802553,0.722517494134014,0.759286109233889,-0.653966232513266
0.913318618003367,0.241996129945822,-0.845115875322359,0.331842004023688,0.730692913058826,0.755459500258911,-0.646929731468082
0.89015283741043,0.256766785081855,-0.841491856234594,0.282205586493526,0.738771153886086,0.75127919325253,-0.63990094870558
0.859493080036835,0.274613239881905,-0.837668610966611,0.235492544404572,0.746749724869702,0.746818911873898,-0.63286702042129
0.812865937020425,0.292625982037867,-0.834103094804782,0.185498325565555,0.754627795427646,0.742162911733472,-0.625825373854317
0.744784724651659,0.307552596122613,-0.830964491886277,0.134887729853705,0.762409518470068,0.737327868420822,-0.618765717961087
0.641331651444422,0.308719706136159,-0.827870161452264,0.0804964650828388,0.77009738574306,0.732170722930691,-0.611690625502492
0.496438309610362,0.30029585722423,-0.824587672959157,0.0260341445878873,0.77769056666459,0.726422910504744,-0.604600096478534
0.349375797170467,0.294913724232561,-0.821241938059632,-0.0169858918649604,0.78518906123466,0.720064244902975,-0.597501849171893
0.382996622774336,0.289871395837755,-0.817826632113047,-0.0454118814420527,0.792595361199361,0.713166694459316,-0.590403601865252
0.448515446908263,0.291082918002259,-0.814325943517797,-0.0639646150903017,0.7999069748126,0.705802227507702,-0.583323363884869
0.506618570719412,0.294864147878003,-0.811048198505171,-0.0818595577306736,0.8071272244025,0.698120046691651,-0.576281717317897
0.555449757734155,0.29794511174562,-0.807462127261257,-0.098106091661884,0.814256940551091,0.690111375385075,-0.569304389773276
0.587181399996445,0.303062837512982,-0.803189832507704,-0.109623846132824,0.821291139766191,0.681814830742766,-0.562414536099051
0.616406430110735,0.306388584631227,-0.798215502642909,-0.120683312205818,0.828219024481405,0.673241822378641,-0.555625020099694
0.650648472576596,0.303793055901988,-0.793007161074367,-0.133969050817456,0.835046408770947,0.66429317441789,-0.548948705579675
0.679136071582218,0.299452026356029,-0.788032831209572,-0.145658348101572,0.841757511576237,0.654886386575273,-0.542390738060782
0.705203735553604,0.291767691399587,-0.783240334763229,-0.156813255886799,0.848360638717581,0.644933692589895,-0.535945972021225
0.730852100090586,0.281920587975565,-0.778373523789345,-0.168553847835638,0.854847484374676,0.634381555042611,-0.529609261939219
0.768797576553182,0.269453167645025,-0.773739143359048,-0.189224336375275,0.861226354367823,0.623181702489929,-0.523362598488503
0.810428729228836,0.252031210380876,-0.769601247219135,-0.216987783881282,0.867497248697025,0.611249879321391,-0.517200836147291
0.849283842485301,0.228843936217954,-0.765749541068263,-0.250284328008358,0.873660167362279,0.598421084966517,-0.511111111111111
0.879841383471851,0.205486553188457,-0.761341266540912,-0.285058747106792,0.879723416183891,0.584620718103547,-0.505093423379965
0.901310209265005,0.184157875901089,-0.755951091553917,-0.316764736179346,0.88568699516186,0.56987335328553,-0.499140054671169
0.916129219428157,0.164914090891016,-0.749567947986155,-0.34377263850085,0.891534292655578,0.55420970870378,-0.493256150506512
0.925959054840422,0.148414563673856,-0.742076411145914,-0.364254345856379,0.897265308665047,0.537692098403532,-0.487441710885995
0.934012282490322,0.128510690159662,-0.733697843455657,-0.383250610175264,0.902880043190266,0.520289804193472,-0.481696735809616
0.941323018266919,0.110418770434108,-0.72545683669936,-0.404027472076992,0.908370190410931,0.50196245359359,-0.476016079755588
0.946095796584478,0.0991071608396377,-0.717195274860977,-0.418500976490646,0.913744056147345,0.482799568189996,-0.470399742723911
0.949400458430776,0.0956505528021743,-0.708408767849322,-0.427901774921534,0.918985028758903,0.46298545713057,-0.464855442997266
0.952628842127637,0.0976640757857208,-0.699102059144877,-0.437451411969736,0.924101414065907,0.442684243323182,-0.459390898858337
0.95659335512252,0.105307159083808,-0.689757402596581,-0.45193332534482,0.929093212068357,0.42206356032614,-0.454008683068017
0.959629556840113,0.112013362893235,-0.680026942969134,-0.462898611049796,0.93395211694595,0.401226972327298,-0.448703650104518
0.962067850120608,0.122013719223283,-0.668659982575615,-0.470458267375542,0.938686434518989,0.380228016745803,-0.443478372728734
0.964841165631979,0.13511808209741,-0.655787757709342,-0.480662542071085,0.943271247326564,0.359216773887782,-0.438314841614408
0.967573909661631,0.150003692405574,-0.642308367341453,-0.492300544690477,0.947698249548371,0.33828101001413,-0.433197620196173
0.969908532446169,0.172032945553285,-0.628354628925428,-0.503875480099142,0.951975747004714,0.317580459719675,-0.428108699147773
0.971370847032575,0.196657107725803,-0.613819023570354,-0.51086753152835,0.956087128054985,0.297295921501856,-0.423030069142949
0.972287057873202,0.22120711193463,-0.598152888700555,-0.514554861115491,0.960024086878881,0.27750638499548,-0.417954011899019
0.972878611495439,0.247930832722666,-0.581351480835548,-0.517645154441088,0.963803235117008,0.258257488656211,-0.412883100176877
0.973491434491915,0.269964423801401,-0.563969787191654,-0.520869991149568,0.967407961128761,0.23959750392754,-0.407812188454736
0.974311288063458,0.286199647078326,-0.546164342624757,-0.524611978986005,0.970838264914139,0.221436909223357,-0.402743849493488
0.974994061555984,0.29105812982498,-0.527724852833518,-0.52072283432454,0.974094146473141,0.20361772527405,-0.397670365010452
0.975318813839535,0.288625789929493,-0.507637794155083,-0.507424061822684,0.977183911626072,0.185960031244789,-0.392589162244734
0.9754214968219,0.284358092074652,-0.485830433222072,-0.489306954421327,0.980082642912021,0.168405901403383,-0.387489950152758
0.975417160686589,0.278063960727265,-0.462973181942518,-0.46801546408007,0.982790340330987,0.150943048473306,-0.382362437690947
0.975793571183509,0.265650248114162,-0.439979950889165,-0.446081949533618,0.985290392242364,0.133520568023241,-0.377193761054832
0.976897101129508,0.247128315483264,-0.417612859259353,-0.426980152748784,0.987599410286759,0.116015587287935,-0.371971056439942
0.978638203025052,0.222783226873276,-0.395761225841849,-0.41044855502509,0.989709088643867,0.098344201721974,-0.366678887280913
0.98114597438596,0.189622429582211,-0.374763418910992,-0.398640270936737,0.99161942731369,0.0803636156188838,-0.361294098729699
0.98317060617801,0.152420229838045,-0.354864518291651,-0.386150860972539,0.993347037936834,0.0619434960812366,-0.355801254220936
0.984316965888281,0.114349431705215,-0.335370394673388,-0.372447196977819,0.9948919205133,0.0430619893100694,-0.350182344428365
0.984569291131383,0.0711868940775364,-0.315365556323297,-0.361031190940185,0.996245769222783,0.0236209726257033,-0.344416787264834
0.984138495603114,0.0323835846493017,-0.294393047955006,-0.354994817977519,0.997408584065284,0.00363650725388154,-0.338502009969448
0.983722763052277,0.00409366419352963,-0.271847285227063,-0.351932274224641,0.998355447579892,-0.0167582653876196,-0.332425148737739
0.984769695276849,-0.00939833413120284,-0.247943305921287,-0.3555662069067,0.99909466558691,-0.037239751094884,-0.3261887763306
0.986874398124169,-0.00690608947395877,-0.223062169636349,-0.356137595835882,0.999617932266036,-0.0574921668612151,-0.3198057565525
0.98976019220949,0.00643098274278087,-0.196555600706462,-0.355420731873958,0.999925247617268,-0.0771974477571331,-0.313278662164335
0.99268209359427,0.0233887813873839,-0.169168483683218,-0.355765078844525,1.0,-0.096202353891117,-0.306615211448786
0.995377148168603,0.0437542314193247,-0.140967701641402,-0.356579907207111,0.999842189414232,-0.114412097701402,-0.299820549927641
0.99759543738999,0.0667341111656796,-0.112881711827236,-0.360160022536017,0.999426898399053,-0.13169941810969,-0.292886959318218
0.999048335675395,0.0898912263795784,-0.0854909581356225,-0.365378623999596,0.998787350235678,-0.148123118510782,-0.2858221579032
0.999732622450044,0.106938148849906,-0.0592177684454192,-0.36896084156886,0.997931850744409,-0.163723571384688,-0.278616111915099
0.999938862432207,0.123938717428722,-0.0336589943505147,-0.364818166720274,0.996860399925248,-0.178547292849683,-0.271258015758161
0.99970921507978,0.140191602281958,-0.00823133005611543,-0.360329883556907,0.995572997778193,-0.19256532003967,-0.263744010291044
0.999351317067489,0.146003190444984,0.0164889706173008,-0.354698402087104,0.994061338482942,-0.205881217142506,-0.256067920887603
0.998963653959915,0.143453623127783,0.0398615219931473,-0.344655579451021,0.992342033680101,-0.218723176436514,-0.248218684675993
0.998122237088182,0.145598730019051,0.0620916851530642,-0.328093709466178,0.990423389189975,-0.231106118186047,-0.240184981508281
0.99695035238273,0.144530256294261,0.0834259629660668,-0.308554646686974,0.988297099192259,-0.242979137959785,-0.2319611513105
0.995320927797654,0.136688206559881,0.103073459119895,-0.282553717496736,0.985979775327561,-0.254484417100378,-0.223539218523878
0.992070028208908,0.127556138766282,0.121270082710488,-0.245257030417316,0.983488029236487,-0.265719376157418,-0.214913780350539
0.985392006358222,0.117571781138986,0.139168341378803,-0.20479815339207,0.980805249278432,-0.276705956696127,-0.206086637723107
0.972626461831864,0.108154453066943,0.157138859066452,-0.169269030005277,0.977956352914305,-0.28744942469216,-0.197064479819907
0.946848345963579,0.0987038365384965,0.175036010922654,-0.13627310624933,0.974924728503499,-0.297933104555946,-0.187856311304068
0.884835311480688,0.0936450859762437,0.193307897736886,-0.10145790368796,0.971710376046014,-0.308099948217906,-0.178468306801737
0.73928769339058,0.0963231386790071,0.211896016583208,-0.0679827111752994,0.968313295541851,-0.317782322119731,-0.168916160154366
0.484004774331372,0.105725975995749,0.230425632503593,-0.0391339610623039,0.964733486991009,-0.326807326727459,-0.159209390577263
0.460905094095548,0.116090202111436,0.248387611926375,-0.0156213276488754,0.960979256213792,-0.335096850068896,-0.149361890979257
0.619112315322821,0.122971048958199,0.264868044278809,0.00375014452902467,0.957058909030503,-0.342659668770131,-0.139371345875543
0.713805324261781,0.130076786543325,0.280115171706088,0.0214592491217891,0.952972445441143,-0.349531766998131,-0.129236726161762
0.768381565597236,0.139674665501622,0.294615991537631,0.0368829661770549,0.948728171266015,-0.355631522130263,-0.118954429972664
0.795978697019257,0.145364378459694,0.308696222766493,0.0482523024787516,0.944342698145726,-0.361012471585673,-0.10853243286702
0.805424263538144,0.149328317858797,0.321350247530623,0.0546115795603377,0.939807720259972,-0.365711477193937,-0.0979673902556681
0.826882313986544,0.149964237890072,0.332845281897139,0.0658148388737878,0.935131543429058,-0.369755746495932,-0.0872593021386076
0.850737794247875,0.143332987331692,0.343845413133433,0.0796480008745322,0.930322473473286,-0.373256742642993,-0.0764104840006432
0.87440463613224,0.123763547642619,0.354173551301532,0.09610265660114,0.925372204572354,-0.37641369504735,-0.0654211931178647
0.894188489215851,0.0928272826941858,0.363462867244212,0.115035012813155,0.920305654187172,-0.379529397309086,-0.0543058369512783
0.90743597044579,0.0582938400863042,0.372519752643305,0.134941547206858,0.915106210677132,-0.382750419083896,-0.043066730985689
0.915811414661633,0.0204641896047679,0.381769539581973,0.156020711272002,0.909773874042235,-0.386135563766577,-0.0316951278340569
0.926053817342962,-0.0184893981482199,0.391235945462624,0.186466197026171,0.904308644282481,-0.389740124101493,-0.0202206142466636
0.93361550476812,-0.0577373455063941,0.400681796261189,0.21968285601966,0.898727133038477,-0.393525482933851,-0.00864319022350857
0.934924679083959,-0.0968551549338542,0.410459690693449,0.244146627060458,0.893004422849312,-0.397504805202784,0.00307161923138777
0.93084559996184,-0.135921322325317,0.419809090722227,0.256948009493717,0.887165431175897,-0.401633330115237,0.014883936324168
0.924540868918776,-0.174134363282099,0.428526026686821,0.264388679015227,0.881210158018231,-0.405901403382512,0.026797620196173
0.91800767786772,-0.206491197356754,0.436700624716379,0.268656647389123,0.875138603376316,-0.410219503418496,0.0388149863322078
0.909368932263124,-0.231999264617407,0.444494163147268,0.26551463895073,0.868950767250151,-0.41443842757967,0.0509288310017688
0.898173746786494,-0.249082450125413,0.451924034741251,0.25465404481556,0.862663261280342,-0.418376499705983,0.0631368387200515
0.882931634582578,-0.261251379487886,0.45881789304084,0.237248755999269,0.856259473826284,-0.421876618190435,0.0754413249718604
0.861866647524812,-0.271511619199889,0.464513231938803,0.214694660099268,0.849756016528583,-0.424862426386049,0.0878407461006594
0.836499848527735,-0.27901520703034,0.469587174893706,0.191178579011653,0.843161195207542,-0.427287408174549,0.100329184756392
0.807519014615404,-0.280783430342898,0.474580478680427,0.167513238858652,0.836483315683465,-0.429055020668954,0.112899694484644
0.773698493974551,-0.279648338391671,0.479515279541211,0.144239335860226,0.829722377956353,-0.430059944356191,0.12554198424184
0.746193955047309,-0.277540310482249,0.48374330181027,0.128138276961758,0.822878382026205,-0.430291647284951,0.13824679208876
0.727362435624627,-0.271464108526772,0.48807568064992,0.117466043562625,0.815961294877385,-0.429710634637832,0.151007686123171
0.702019864662349,-0.266190423810697,0.492060204254269,0.104897589360982,0.808964471853652,-0.428309007451356,0.1638166907863
0.672833174908701,-0.261425929569559,0.495164021649245,0.0920642528742881,0.801895388193276,-0.426130648855967,0.176664544138929
0.629742790473939,-0.264861157804119,0.497674903984049,0.0770546771694598,0.794757366224382,-0.423294920966482,0.189545328831002
0.557413822349365,-0.275834057612888,0.499305080109479,0.0563160760422383,0.787553728275089,-0.420015973459483,0.202459044862518
0.45333724683611,-0.291325635571448,0.499954936935427,0.0316374560368986,0.78029028841961,-0.416447397291533,0.215412124135713
0.338236735059521,-0.306378256224027,0.500075105107622,0.00850482359050031,0.772969538404037,-0.412651506507868,0.228412542209358
0.226216899004024,-0.322992532045174,0.499972329697192,-0.0113069838526917,0.765592308810399,-0.408639710722404,0.241467760090047
0.168141198581079,-0.341973045955731,0.499888528208688,-0.0333253868647817,0.758156938474636,-0.404488366582118,0.254578549606046
0.305345044674121,-0.364921733912344,0.499882203568046,-0.0610940058820684,0.750663427396748,-0.40028962866095,0.267745939861714
0.44474526746941,-0.385074522040046,0.500212666041581,-0.0940491882198858,0.743110944994705,-0.396113709967614,0.280962212574369
0.572413543619289,-0.399768746962803,0.500783464859506,-0.132846034018453,0.735496999522415,-0.391886009180351,0.294219649461328
0.680479957291764,-0.407966403757061,0.501502892732513,-0.178149313723635,0.727820760397849,-0.387509983412177,0.307492522913652
0.76905876904749,-0.408348554823444,0.502056298788673,-0.231639558277256,0.720080566456945,-0.382856616259577,0.320765396365975
0.841130294901271,-0.39961691937697,0.501882371171023,-0.297204650996567,0.712282231773916,-0.377745109225112,0.334015114970252
0.890970617009424,-0.387235224826186,0.500291724049604,-0.369406936972732,0.704434062169065,-0.372041179929611,0.347221096639331
0.922742260362481,-0.370027065591066,0.497766611273356,-0.43996989591808,0.696548516372848,-0.365674615364362,0.360378195851423
0.943821274381457,-0.346475198654002,0.495236755016626,-0.506906910694727,0.688628916713387,-0.358515521463239,0.373473548802058
0.956941642823282,-0.324120394111362,0.493176503327552,-0.56552157634391,0.680676093772711,-0.350507727819272,0.386507155491237
0.964092364536288,-0.306901906469043,0.49129966621709,-0.606212540704629,0.672691708714882,-0.341763575246404,0.399481588679852
0.969432880713658,-0.286392788292957,0.490082172893539,-0.639356462181747,0.664672439211778,-0.33231202661073,0.412399421128799
0.973334149186408,-0.27041577519602,0.488278069150458,-0.669174639413223,0.656616624099337,-0.322175023477475,0.425276089403441
0.97634183426647,-0.256309236642917,0.484914941489168,-0.694847198659612,0.648534230361926,-0.311464028997973,0.438127030069143
0.978937786322739,-0.241253517468177,0.480111376921702,-0.717845708171198,0.640434394401877,-0.300206250713101,0.450965106930375
0.981289735217525,-0.224281878757926,0.474128266874537,-0.73891856551527,0.632326252621525,-0.288379747057636,0.463798038269818
0.983468328914729,-0.204459599660609,0.467591750771211,-0.758246563362576,0.62421312734899,-0.275934491262869,0.476628396848368
0.985716164969554,-0.178432013517819,0.460683662030178,-0.77815057506785,0.616097510330364,-0.262859073714882,0.489456182666024
0.987512084539925,-0.152533532465024,0.4538973226215,-0.793118526413599,0.607982723893769,-0.249058706851912,0.502278822961891
0.988718037494182,-0.129216120371389,0.447825667605349,-0.798420376595338,0.599867106875143,-0.234608869658326,0.515086026692394
0.989541388105501,-0.110893525999441,0.442814971056863,-0.800413300454294,0.591744014618244,-0.219616636972415,0.527875221096639
0.990105836516801,-0.0968675490224937,0.437892819477363,-0.799551381907699,0.58361095537698,-0.204215413510738,0.540646406174626
0.990406725505346,-0.0865288134157747,0.432708195311228,-0.793021823357152,0.575468759733383,-0.188537726327245,0.553394436404567
0.990738968535401,-0.0744053290449787,0.427210501433322,-0.785533643203562,0.567321580597604,-0.172621314914121,0.566119311786461
0.991276133246078,-0.0574688069192065,0.421195768182947,-0.781102120529849,0.559171909715734,-0.156451259007012,0.578805595754945
0.992142822899306,-0.0300169334236036,0.41462288539593,-0.781594044773515,0.551024730579954,-0.139890643238926,0.591442997266442
0.992889417125235,0.000206051723630418,0.408141709898221,-0.779483395454536,0.542882534936357,-0.122817472507219,0.604013506994694
0.993470117798508,0.0361427117336386,0.402631366739031,-0.772983268268994,0.53474116987479,-0.105219459535365,0.616499115613443
0.993803198954046,0.0727132260934813,0.398393857509009,-0.764868620488855,0.526590668410889,-0.0870413115790027,0.628889532079112
0.993858553067985,0.106486415304221,0.394047248227915,-0.752482220302176,0.518426047052472,-0.0683700050026768,0.641184756391703
0.99365136534439,0.134215585876316,0.389570983813663,-0.734478633880126,0.5102489669636,-0.0493489498766884,0.653384788551214
0.993324775781135,0.160461411263231,0.385211725251286,-0.718034909803378,0.502056936398181,-0.0300841678441972,0.665499919601222
0.992994052823571,0.17713373273284,0.380873021770994,-0.703003891246902,0.493849124774186,-0.0107009013594993,0.677530149541727
0.99268753364949,0.190880429579112,0.376392013876262,-0.690436698389474,0.485628854419735,0.00860109356761085,0.689475478372729
0.992249373481558,0.209503167464278,0.372688936780473,-0.67999276829317,0.477396955916859,0.0279118651208103,0.701335906094227
0.991860579292603,0.224267418987847,0.370794706908247,-0.674304105885642,0.469147615191345,0.0472230755053145,0.713101141662647
0.99152142075726,0.238702400889896,0.370571763325623,-0.674665691227141,0.46086920409477,0.0664992671517217,0.724753175751729
0.991367440421106,0.250736028118056,0.37160267975024,-0.682645795624397,0.452555908552919,0.0857414054889021,0.736276571796109
0.991363929800592,0.259315835978697,0.372992519531281,-0.69372460230868,0.444206897983762,0.104898235020493,0.747666184273999
0.991326408164381,0.26375498539305,0.374957901610728,-0.699749623173416,0.43582134180527,0.123911917780567,0.758909149380929
0.991372499245636,0.260733926287191,0.377761298575217,-0.70165004845664,0.42739425652526,0.142680732672746,0.770000321595112
0.991485373601065,0.247023998570548,0.380861953649871,-0.69519196607825,0.418925642143732,0.161018615223936,0.780934555394758
0.991477620940346,0.226652248210216,0.384485972737637,-0.679736294969549,0.410414668078656,0.178721947708862,0.791701559736292
0.991112233151602,0.206841743497106,0.388498957224874,-0.655077015575499,0.401864656658153,0.195752112972731,0.802291043576138
0.990031989319286,0.19312592858836,0.393786356801439,-0.617270324985337,0.393273946718163,0.212210042215572,0.812690143109825
0.98825922781565,0.181237828617641,0.400495219362255,-0.571845115339417,0.38463174069229,0.228186134686104,0.822875703489307
0.985532447669644,0.165583578245689,0.408045259128433,-0.518721501504153,0.375930563342262,0.243635629591273,0.832829715388326
0.981307195195037,0.151139713913449,0.41517629145209,-0.460792166211532,0.367171245250109,0.258515521463239,0.842539315002412
0.974477485242592,0.136675399334954,0.421942075778682,-0.398667179613314,0.358357108743952,0.272823177314177,0.851994211287988
0.962854211654616,0.121966404789902,0.428538675968105,-0.334085935381336,0.349486492659731,0.286527001290164,0.861181540440585
0.941113382130454,0.108223932262174,0.434763703519821,-0.267066933230744,0.34056770281775,0.29967702015991,0.870129602830037
0.900142476384861,0.102593824542051,0.440683567160568,-0.20312729275589,0.331601569800037,0.312324138354734,0.878820389130085
0.81440414173521,0.102357541570548,0.446592362680193,-0.140496927575717,0.322587263024565,0.324599127603367,0.887246181058048
0.638007682640379,0.111980384289047,0.452836364153834,-0.0815244606176802,0.313523951909301,0.336600286118011,0.895399260331243
0.37909342486688,0.129642580304657,0.459891500789789,-0.0329669548838196,0.304404991798003,0.348525087985677,0.903271908666988
0.497481716663631,0.153852573348475,0.467188554930295,0.000915862034169823,0.295227890944579,0.360466565442913,0.910853835021708
0.56813073307114,0.179345767702761,0.475334692076965,0.0168721606616171,0.28598849643888,0.372499319811478,0.9181398938736129
0.570656319448827,0.200568991952621,0.483868213462946,0.0195701759364957,0.27667933304263,0.384533829505262,0.925127512461811
0.512762391370244,0.224144510942173,0.492257849274327,0.00963133010849671,0.267303723083951,0.396530599706861,0.931811545264512
0.415122470179221,0.246460067537455,0.500587400999609,-0.00714955127679562,0.257862497144874,0.408507183668454,0.938184273999035
0.329416320906196,0.262374077350474,0.509388138452708,-0.0211465618910072,0.248356485807429,0.420369671490886,0.944240553143592
0.338110117968306,0.271742975521158,0.519192912607697,-0.0342182503894399,0.238780705579435,0.43194779662802,0.949957227850137
0.410385738047805,0.27751758798641,0.529701303034089,-0.0482926234488094,0.229133495296829,0.443134484241568,0.955336870879563
0.454068333800496,0.281946408993564,0.541031896743917,-0.0578216164967005,0.219419007869765,0.453900771465433,0.960400064319022
0.440201773704589,0.283548344950209,0.553425030081572,-0.0553288639703331,0.209628106895907,0.464194876205689,0.965139089885834
0.390097205376409,0.277762371237039,0.566929719012028,-0.0445432777711207,0.199754147719014,0.473901824660564,0.969556520340891
0.30820299727855,0.269835318711407,0.580723760251847,-0.0274711057574056,0.189794638592994,0.482907520690896,0.973657501205982
0.434635817293103,0.266067515765023,0.59435810431546,0.000295154546199994,0.179750410099877,0.491258480414959,0.977439459720212
0.578164128210115,0.257854366359965,0.607717326511154,0.0362203400163554,0.169630598641998,0.498990687999719,0.980928123492523
0.695747687615915,0.247746987074515,0.620551603533577,0.0764277890948386,0.159436034801387,0.506016377184283,0.984110628718444
0.796801024225039,0.236585077413994,0.632585813514808,0.129151136366025,0.149173363234286,0.512303952114728,0.98699726644155
0.869274263428867,0.227473356582578,0.643641285356718,0.194426960812138,0.138846736850848,0.517852535128446,0.989585463900949
0.910205436788276,0.226207093859917,0.653776521985242,0.260730780793091,0.128463630889346,0.522769201063728,0.99188808490111
0.933083535659396,0.227489882034097,0.663119597373377,0.321689864889012,0.118028198259931,0.527185599311913,0.993899983920244
0.946220422157617,0.231063510925131,0.671445986778339,0.374136557329146,0.107544591872755,0.531133325726924,0.995626306480141
0.953985809967121,0.241680080685517,0.678940685938901,0.418259639297599,0.0970194563840612,0.534736130736622,0.997064479819907
0.958795392081935,0.251860791662083,0.686052744340633,0.45387159095448,0.0864544529579103,0.538085291252337,0.998222222222222
0.96203872526007,0.257664323667494,0.692932372198777,0.482398992606421,0.0758529039224236,0.54111322725318,0.999091815404406
0.963513352724667,0.263961553537041,0.699543202829644,0.500062016090548,0.0652146431611953,0.543758502356524,0.999675832127352
0.964006751570272,0.273776638898744,0.705889979713715,0.511662178383503,0.0545434082933616,0.546071143331081,0.999976845151954
0.964348412841434,0.284654517361278,0.71214504930848,0.522656895453485,0.0438419402396231,0.548077480055117,1.0
0.963844158136705,0.295646008303007,0.718936132197639,0.52715568981864,0.03310724890467,0.549750304987757,0.999735005627914
0.962693992909918,0.310666610893268,0.726244254459267,0.52843385195603,0.0223419921509997,0.551153687499451,0.999212735166426
0.960518586805698,0.326231520542944,0.734583293145513,0.522955413584257,0.0115394422641666,0.552325367082386,0.998425470332851
0.958585232117043,0.342513221652266,0.743018782601546,0.52052522373093,0.000695695508627692,0.553264466073952,0.997378356648979
0.957291398213692,0.36092980452973,0.751025777654096,0.52393926207159,-0.0101870886023381,0.554021888905467,0.996066248593021
0.956991329889684,0.382086513837225,0.75807617080957,0.535488970595964,-0.0211108204074004,0.554666970923038,0.994525164817495
0.957467317260409,0.409542518695708,0.764067186657538,0.555741954200592,-0.0320624597686829,0.555321707229307,0.992744814278823
0.958999749191919,0.435913007957521,0.769073139725542,0.5843996947547,-0.0430395149400943,0.556057188495599,0.990732915259688
0.961100920077568,0.458903009542932,0.773688546233914,0.61802292703334,-0.0540359226728129,0.556815488989723,0.988492040520984
0.964122901793474,0.479428653170537,0.77825177445699,0.662413834423345,-0.0650500218027782,0.557538682979489,0.986022190062711
0.967535361709723,0.496654370697896,0.782362790874176,0.714725983480596,-0.0760780747108536,0.558164456419663,0.983323363884869
0.969766587553151,0.515724741751088,0.786774227721849,0.760025058705062,-0.0871137689736082,0.558703341261553,0.980395561987458
0.971568114027795,0.526299997882677,0.7920141924936,0.797583684933033,-0.0981581843476816,0.559114087362536,0.977241357131372
0.97345474516087,0.528851114460958,0.797556158855999,0.833893580388621,-0.109209908843622,0.559213263237346,0.973873613121081
0.975351487152639,0.523919300023187,0.803161371624816,0.868193734062391,-0.120269939159866,0.558849033254636,0.970302621000161
0.977226957830063,0.509762152274806,0.808240058060201,0.898234748771766,-0.131334122386262,0.557864295807406,0.9665335262904
0.979038309967923,0.484225165473994,0.813198576323392,0.921813476622037,-0.142398305612658,0.556029980954722,0.962574047274481
0.980594935012337,0.451578103157033,0.818419567173218,0.938295041025221,-0.153463319421084,0.553139837983483,0.958413892908828
0.981596182607711,0.419005405371908,0.823292702787744,0.943920636222022,-0.164529994393571,0.54913506349889,0.954050490432546
0.982300293378162,0.386628947323574,0.827916015096917,0.944109837854201,-0.175595008201998,0.544063051281827,0.94948126708474
0.98280979024737,0.351413210136092,0.832295828741381,0.939236844705403,-0.186659191428394,0.537913269380985,0.944701077343624
0.983011133403794,0.316895673275298,0.835889805786098,0.927872133332493,-0.197718391162607,0.530642712328527,0.939699630165622
0.982936668282746,0.287577456598742,0.838762773797646,0.91316485979108,-0.208768454494487,0.52244358823581,0.93449493487699
0.982656544241066,0.264581257969012,0.841594631645023,0.897574645299496,-0.219805228513881,0.513429993241998,0.92908699147773
0.982064727734564,0.245298121727509,0.84432213292181,0.876623717896162,-0.23082954380282,0.503734454401039,0.923486091011416
0.981184296315601,0.230160808135893,0.846589516591904,0.851291721587696,-0.241838078033182,0.49344298264861,0.917705097282521
0.97991996947353,0.223167443621098,0.84917629461441,0.822133647828491,-0.252825017130754,0.482725844530846,0.911762019617302
0.978703330419364,0.21530008928908,0.852237420685053,0.796873127692182,-0.263793683423659,0.471704157487779,0.905672294581122
0.977547407930143,0.203786600647488,0.85551674685784,0.774320293136396,-0.274744907493926,0.460346325665488,0.899438494934877
0.976458696508311,0.188667465052543,0.859172389148814,0.75456343825615,-0.285677028177495,0.448602322295264,0.893065766200354
0.975376702701028,0.173161324039833,0.862766366193531,0.736648145929117,-0.296591706638427,0.436496721930156,0.886569544942917
0.974298287417943,0.158034338855416,0.866920073935049,0.720982250784661,-0.30748811229469,0.424083939651919,0.879960122206142
0.973388359608282,0.137127990138437,0.871410568790745,0.709180273417381,-0.318368736892377,0.4113095603788,0.873240070750925
0.972697080694185,0.108453295200854,0.87572871718895,0.701893908338116,-0.329231919267427,0.398047200695109,0.866411963338157
0.972030541032631,0.0675939510650396,0.879341668155593,0.697441363260827,-0.340075998255778,0.384066035334697,0.85947579996784
0.970910993577399,0.0172266470840068,0.88200276070564,0.691643384354707,-0.350892668037127,0.369119441104451,0.85242900787908
0.969002866077765,-0.0446977314170006,0.884032970351666,0.684344405833297,-0.361678606283353,0.352988880014745,0.845271587071877
0.965498726486274,-0.12124052433192,0.884720775021464,0.671747781610863,-0.372431321248365,0.335374191453322,0.838011255828911
0.959626887255241,-0.203126202291151,0.883865367374658,0.649371535245111,-0.383140015365768,0.31604455015403,0.830653159671973
0.951942537643492,-0.287655952493458,0.881594821384242,0.62703733368651,-0.393798043979319,0.294927110120328,0.823205016883744
0.941663425260013,-0.370287341452494,0.878359767695949,0.599434917791891,-0.404397931850744,0.27198413186003,0.815674545746905
0.928834563457575,-0.440560791197305,0.875227489418086,0.564958175928087,-0.414937187233954,0.247326200861865,0.808056600739669
0.917151701475876,-0.496585170369659,0.872670753438628,0.539857426058951,-0.425417471293009,0.221300871518971,0.800356327383824
0.905430836711855,-0.543741579120505,0.871435867353312,0.51709436746741,-0.435847089848211,0.194170564951421,0.792571152918476
0.893534729997861,-0.58707337868537,0.871363133985931,0.496975927245666,-0.446237671047987,0.166066052887949,0.784703650104518
0.881710348006201,-0.620556009144772,0.871630350053048,0.476571582335295,-0.456590876056397,0.137099676142497,0.776756391702846
0.868673074273733,-0.646511296437164,0.872735581005207,0.453303986057942,-0.46690587429141,0.107461887501207,0.768737095996141
0.854584893040963,-0.670230483570861,0.873658978538913,0.429973322569863,-0.477183496335057,0.0772269372207937,0.760666345071555
0.839274676351176,-0.691662961350584,0.874112771504964,0.406331527508866,-0.487412944620943,0.0463805194007321,0.752554429972665
0.820153591364446,-0.71237348346706,0.874506480384918,0.378771997317541,-0.49759671089516,0.0150080306128719,0.744414214503939
0.797458854753969,-0.729231509698116,0.874822712417009,0.348369817714739,-0.507728981083494,-0.0168957951184405,0.736258562469851
0.779134631151049,-0.74055144398879,0.875292316984664,0.326258453634038,-0.517807263439855,-0.0492250239163059,0.728092619392185
0.766497583677927,-0.749158105708149,0.874982409593215,0.312450938965656,-0.527831557964243,-0.0819052299914866,0.719916385270944
0.756517563745499,-0.754254141820392,0.874013158414855,0.301667286827572,-0.537797711746506,-0.114832498091084,0.711727287345232
0.750415922923668,-0.750741450531836,0.872471527258411,0.293575763691366,-0.547699910712432,-0.147883516618541,0.703520180093262
0.740390760621469,-0.739534095879637,0.870638962632442,0.279640432809245,-0.557534832533898,-0.18083448160858,0.695302781797717
0.72626363080505,-0.727802058141703,0.868499652935345,0.262220428310451,-0.567299985464814,-0.213565153283775,0.687090529023959
0.702730962721984,-0.725509151743409,0.865474893548392,0.239512868864349,-0.57699370834112,-0.246163297905019,0.678896285576459
0.672740705610608,-0.726228008884496,0.861650067120249,0.214449959321649,-0.586610187088602,-0.278757931875828,0.670730342498794
0.641386019984875,-0.726097870953782,0.857616527550925,0.191022172329051,-0.596148591125231,-0.31133325726924,0.662595272551857
0.58999837563715,-0.716270391503439,0.854193315803538,0.156422239180295,-0.605608089868976,-0.343756747031306,0.654496221257437
0.518446753377325,-0.695230393197298,0.85240028018158,0.115488676282314,-0.614995327976079,-0.375716830935852,0.646448625180897
0.448248638779207,-0.668248462229273,0.851517992812046,0.0810956035847403,-0.624318611266845,-0.406966008127156,0.638475639170285
0.375322445134597,-0.643095692176283,0.850408018379406,0.0504100419817399,-0.633590398471729,-0.437463028462598,0.630577263225599
0.318742039147796,-0.624496296491389,0.847576160532029,0.0290369847146104,-0.642804875516518,-0.467278104950895,0.62275349734684
0.272913734482481,-0.60403262330698,0.842913319218844,0.0123552449845803,-0.651949583670757,-0.49641562590509,0.614986332207751
0.21394081005928,-0.592233450922249,0.837418787661259,-0.00656840795235469,-0.661016217114143,-0.524914208479976,0.607265476764753
0.165403925375639,-0.587966785908128,0.831309184801256,-0.0208263486397453,-0.669998131190432,-0.552938853246035,0.599578067213378
0.175446616529089,-0.589384876216622,0.825050952886171,-0.0362147060121971,-0.678891172989472,-0.580615065956345,0.59191381251005
0.237993698943517,-0.595461078172099,0.819170618249435,-0.0553675872377192,-0.687693681347204,-0.608003405330923,0.584272712654768
0.303387814079777,-0.604270176672569,0.81274320219718,-0.0764462888099848,-0.696406486845657,-0.63519339295588,0.576654767647532
0.350230666732246,-0.613470721805901,0.805918914944652,-0.0925654269755278,-0.705024605992649,-0.662176252205127,0.569057404727448
0.381782435043197,-0.618572954962464,0.797821793762956,-0.103767004496692,-0.713541394131938,-0.688919509562134,0.561478051133623
0.400396213539586,-0.614417836746097,0.789232931771358,-0.109765537132922,-0.72195020660728,-0.715260797444246,0.553916706866056
0.417136998873,-0.593436710360993,0.780310444985904,-0.113306550791178,-0.730248551672585,-0.740910487190514,0.546370799163853
0.451325996920264,-0.559301324566581,0.771150784176382,-0.121562048675273,-0.738429784671609,-0.765537699997367,0.538845473548802
0.494620869422117,-0.513470050459433,0.761706514537977,-0.131868071804122,-0.746490583276231,-0.78886509448038,0.531348448303586
0.544797173143209,-0.46045227062286,0.751615550393946,-0.144161132518925,-0.754420980502087,-0.810653946409921,0.523882296189098
0.586341555580046,-0.400425633660692,0.740776697494019,-0.152114328239605,-0.76222845158745,-0.830910399424253,0.51644187168355
0.619186430254866,-0.337142449908516,0.728527449730966,-0.155622967396354,-0.769900537801865,-0.849459798664198,0.509027174786943
0.663232250578908,-0.265165845816505,0.715277327586343,-0.162741153247015,-0.777428102742997,-0.866200335267117,0.501643351021065
0.715215767223235,-0.185027734355432,0.702210620020334,-0.173596702005327,-0.784807824082726,-0.880962620349485,0.494292973146808
0.75745098914032,-0.101981143426976,0.688843492023838,-0.181523829945573,-0.792044685313233,-0.893653621674756,0.486976041164174
0.791798281347839,-0.0233127643103954,0.674053319882931,-0.189354675277443,-0.799132872360307,-0.904317222373375,0.479687409551375
0.821631735269871,0.0505470182663046,0.657522290405362,-0.200200974178182,-0.80605826532943,-0.913041188706238,0.47241421450394
0.846406260865651,0.122413728105713,0.639585609545148,-0.214510924292018,-0.812816711310451,-0.919965946690773,0.465146164978292
0.870118406148526,0.184880451268767,0.62108287334749,-0.236721514117595,-0.81940821030337,-0.925284582100949,0.457878115452645
0.891014541963129,0.235742279386513,0.601803787511048,-0.264199477383047,-0.825825287069914,-0.929172627458552,0.45060492040521
0.912710862561895,0.275537632326262,0.582029798544384,-0.302280720563905,-0.832065449863992,-0.931875828294087,0.443321434314198
0.930460497793243,0.309099791521101,0.562195725491622,-0.345374125205231,-0.838122054029361,-0.933525833998894,0.436019938896929
0.944777598838957,0.332736351397201,0.541197918560765,-0.390984752450687,-0.844008388878507,-0.934350836851298,0.428692715870719
0.956583422753514,0.344852605882958,0.51892569654058,-0.438143469495441,-0.849714487427065,-0.934552699251354,0.42133461971378
0.964574363323239,0.353673065631347,0.495658924779468,-0.478640186847123,-0.85522955210864,-0.934263070590404,0.413937932143432
0.969662059530658,0.36048981438303,0.472300445729049,-0.508538249212185,-0.860553582923233,-0.933508280746715,0.406505225920566
0.973606374089419,0.365675707637909,0.448644708568465,-0.534589211722933,-0.865678274050541,-0.932288329720289,0.399031355523396
0.97676763790384,0.371111548347016,0.42467273937579,-0.558823838564758,-0.870595319670259,-0.930611994137214,0.391513748191028
0.978763459132409,0.380886352920641,0.400835168796753,-0.5779668392606,-0.875313025602691,-0.928391507736596,0.383936967358096
0.979427769612991,0.394861720702311,0.377579465156764,-0.5865439799194,-0.87981478020723,-0.925503997753184,0.376290721981026
0.979178961780769,0.410172551534879,0.355085880714115,-0.585829218197834,-0.884117195124484,-0.921844144673904,0.368569866538029
0.978656119897358,0.421013247731495,0.33281365869393,-0.577937407895594,-0.888220270354451,-0.917447055003116,0.360764109985528
0.977140882148937,0.435610385626575,0.310332723532565,-0.563074568567723,-0.892107394256525,-0.912321505366907,0.352876025084419
0.974753741684385,0.451766080168064,0.288353016142064,-0.543372371936773,-0.89578687265101,-0.906362176252205,0.344900466312912
0.970900618864388,0.473499114597293,0.26677650459248,-0.520264545926594,-0.899250399717602,-0.899498854650295,0.336837433671008
0.964349446917551,0.507131506961088,0.245361271379262,-0.495180613980319,-0.902514587096908,-0.891512124908943,0.328697218202283
0.956107375239524,0.542539352522481,0.223871723638502,-0.470958600580639,-0.905579434788928,-0.882226454506359,0.320474674384949
0.9481605604244,0.574044093003175,0.20185248724399,-0.45321148748221,-0.908428331153056,-0.87169450319908,0.312169802219006
0.940973987505833,0.607450293249301,0.179567615942522,-0.445285620886178,-0.911077887829897,-0.859924169950588,0.303787747226242
0.93690484463293,0.63822274965955,0.157345991047471,-0.449906765640143,-0.913528104819452,-0.846918965411317,0.295325936645763
0.935750123068882,0.665348245487648,0.135118357743811,-0.463617577252078,-0.915770676301418,-0.832765778179552,0.286789515999357
0.935339784010737,0.692956077931964,0.112902108793306,-0.481007309489723,-0.917805602275795,-0.817447055003116,0.278175912526129
0.935713892572737,0.710321228956516,0.0904478952386523,-0.494234605819422,-0.919657800203493,-0.801158514643801,0.269487698986975
0.937949235319579,0.717766977706649,0.0681065765194553,-0.508559271615761,-0.921310658443905,-0.784128349379931,0.260727448142788
0.940186920743553,0.720945028601942,0.0462593703504008,-0.520529428211645,-0.922772482817334,-0.766526825757642,0.25189001447178
0.942411734539014,0.720371802002368,0.0251709629423493,-0.530313254835678,-0.924043273323782,-0.74845575263957,0.242977970734845
0.945471576439505,0.713901054891869,0.00484103806326863,-0.540454462320495,-0.925123029963247,-0.730037125128358,0.233993889692877
0.949520919567921,0.704563141942784,-0.0147403181610475,-0.555107077612612,-0.92601175273573,-0.711392938326648,0.224926965750121
0.953433906276593,0.69454871832213,-0.0335764261669357,-0.570512294952731,-0.926726053281837,-0.692562687051844,0.215778999839202
0.956706064568999,0.679943317701289,-0.0522837486777548,-0.579329091012292,-0.927249319960963,-0.67360693002396,0.206547933751407
0.95911359359999,0.665407117408686,-0.0708909995620186,-0.583268689442339,-0.927598164413713,-0.654587103625624,0.197246116739025
0.961286027462914,0.65476782515246,-0.0893075625309314,-0.590302785678698,-0.927755974999481,-0.635435627835947,0.187880752532561
0.962610242444975,0.648303275086281,-0.107293417472136,-0.595655089629018,-0.927739363358874,-0.616039284178376,0.178454928445088
0.962889625366436,0.640507393332084,-0.124490273493273,-0.591265611762455,-0.927540023671588,-0.596369109786816,0.168971989065766
0.961925306705109,0.638499550972497,-0.140874887539984,-0.58289869513941,-0.927166261757927,-0.576383854518646,0.159434764431581
0.958964163780782,0.642812693819016,-0.156939158538186,-0.566354063525499,-0.926618077617891,-0.555921150791213,0.149841196333816
0.955742019462517,0.641738539470266,-0.173323772584896,-0.545016323896376,-0.925903777071783,-0.534966956002773,0.140189226563756
0.953268158231833,0.634309316171652,-0.188975518897236,-0.524662432754587,-0.9250150542993,-0.513696802675116,0.130474738703972
0.949603483658482,0.630737752962058,-0.203427322763805,-0.502723452383205,-0.923960215120746,-0.49213526536129,0.120690786300048
0.944244201812743,0.631524777590661,-0.216620523142651,-0.478518256906385,-0.922747565356424,-0.470195455463011,0.110832481106287
0.936726907876717,0.631863549346806,-0.228382773576284,-0.448473037716294,-0.921385410826637,-0.447854553752446,0.100899823122689
0.925467955989632,0.631168447542278,-0.238957572729414,-0.410413657835155,-0.919882057351689,-0.425160831673088,0.0908966714905934
0.909061887320511,0.627817912246754,-0.248741791802317,-0.365581700418136,-0.918245810751884,-0.402183624571042,0.0808299726644155
0.888495114449668,0.621301720144577,-0.258184480280561,-0.321636888432002,-0.916484976847526,-0.379015087020248,0.0707074449268372
0.866578789791794,0.610151171731976,-0.267745755770839,-0.28388864012378,-0.91459124981831,-0.355776336460738,0.0605344910757355
0.837199844334877,0.596184066676065,-0.277816164832784,-0.245241894286741,-0.912564629664237,-0.332565671104714,0.0503152275285417
0.797133022801828,0.576387608596747,-0.288390963985915,-0.205538562445999,-0.910413422205611,-0.309498942416556,0.0400584016722947
0.753827366224747,0.554208386976498,-0.299473315550552,-0.173481919681805,-0.908129321622127,-0.286685858222382,0.0297722463418555
0.700246687976182,0.527995922344838,-0.310535112033103,-0.143905500091447,-0.905712327913786,-0.264194876205689,0.0194577906415823
0.637571706060946,0.49419001274009,-0.321418237417523,-0.11742568054776,-0.903162441080587,-0.242202406550874,0.00911014632577589
0.553117127437744,0.457168869974133,-0.331673642218241,-0.0919368571086207,-0.900479661122532,-0.220804114482311,-0.00128509406657029
0.496848987216878,0.416933526887684,-0.341206456825631,-0.0765072537803537,-0.897672293859922,-0.200105319513073,-0.0117047756874096
0.464429999603957,0.378258806129083,-0.349918649309745,-0.0666721324915962,-0.89474033929276,-0.180156926074478,-0.02220164013507
0.419217499876942,0.345976336586265,-0.358423709812838,-0.0562449362285387,-0.891692103241346,-0.160872923230852,-0.0327756874095514
0.36617156605771,0.317200361287684,-0.36650818171325,-0.0457516455286399,-0.888527585705683,-0.14213131587955,-0.0434269175108539
0.259453827244677,0.285121361366696,-0.374266934620608,-0.0289253809785087,-0.88524678668577,-0.123925082719701,-0.0541424666345072
0.412250129753999,0.248667248155992,-0.381630397487853,-0.00918679036248926,-0.881849706181607,-0.106343745337417,-0.0649390577263226
0.580591229023222,0.215547144789293,-0.388018284536095,0.0127419310759478,-0.878352955833801,-0.0893995910092241,-0.0758169480623895
0.700403443632946,0.192092364879904,-0.394186390322035,0.0351940262738,-0.874756535642352,-0.072929813321163,-0.0867828268210323
0.794425304190248,0.178319433879345,-0.400129971365189,0.0630844490974032,-0.871043833966652,-0.0567078875538665,-0.0978390094870558
0.862916001970833,0.170528406476531,-0.406219019143106,0.0974657492489748,-0.86723146244731,-0.0405549460676326,-0.108982408747387
0.906090819787598,0.167187166747486,-0.412323878522627,0.135347279595865,-0.863311115264021,-0.0243554884631249,-0.120204277214986
0.935520710469194,0.169763071503047,-0.418907829430766,0.180768705209141,-0.859274486596483,-0.00796961532047835,-0.131501013024602
0.95206672572289,0.174645929290691,-0.426391460470205,0.224681142693769,-0.855129882264997,0.00868885982850487,-0.142858465991317
0.961939194948792,0.181331920407228,-0.434363669999225,0.266015813051969,-0.850885608089869,0.0256304689351321,-0.154271490593343
0.968620644965517,0.190865866524961,-0.442845013099912,0.307572900439999,-0.846525052430491,0.0429254250081186,-0.165736484965428
0.973209254908687,0.191842830561964,-0.450766625503797,0.343725548316841,-0.842056521107166,0.0605014964147483,-0.17724650265316
0.976316213236076,0.188765068500579,-0.457484975025575,0.373300706562984,-0.837474200045682,0.0781739351758397,-0.188795111754301
0.979631034443699,0.18018846244617,-0.463007967466049,0.408278202079957,-0.832798853796798,0.095838299440929,-0.200377424023155
0.982636999620426,0.165457674961927,-0.46755380292736,0.445765352135771,-0.828032143524575,0.113306242814138,-0.211988808490111
0.985179226281143,0.149019085347244,-0.471952590493749,0.486586655398658,-0.823179883303225,0.13049965332327,-0.223623347805113
0.987069462129838,0.123632686723401,-0.475652505269216,0.524317665335949,-0.818244564878839,0.147248088889669,-0.235275381894195
0.988410005037978,0.100809695482406,-0.478400561628089,0.559357807615576,-0.813229510579539,0.163435698048956,-0.246948769898698
0.989311638897547,0.0856357160452324,-0.480562007567433,0.588738718852681,-0.808134720405324,0.17912128419593,-0.258650200996945
0.989981348691137,0.0765676843762702,-0.48204355463778,0.613221410056698,-0.802969330758529,0.194454049974109,-0.270384048882457
0.99054607356744,0.0667682981935101,-0.482845202839131,0.636182079241848,-0.797739986295396,0.209439261359148,-0.282156745457469
0.991049832575268,0.0569992775279165,-0.483254723320689,0.658869457180518,-0.792450839926078,0.223998806378852,-0.293977809937289
0.991607531360282,0.0549652010140431,-0.484301451346911,0.683940775684647,-0.787105213978696,0.238180078814102,-0.305848528702364
0.992025307812036,0.0609944087167624,-0.486780710478507,0.703857400832067,-0.781698124961066,0.252139302609291,-0.317773275446213
0.992328851834663,0.070721496049126,-0.489938287318937,0.719830223068725,-0.776224589381009,0.265975653639228,-0.329744331886155
0.992415892718169,0.0790369999695313,-0.492974114827013,0.726544778770736,-0.770682115492431,0.279686498916087,-0.341759125261296
0.99236697393346,0.0856996488857973,-0.494597966311802,0.725123664289033,-0.765076517369547,0.293198114780716,-0.353815082810741
0.992336276617589,0.096476308957776,-0.494683348960466,0.722062802328442,-0.75942025374281,0.306525421497468,-0.365917350056279
0.992195119407316,0.113432702939,-0.493919648602966,0.713233392826736,-0.753718308104404,0.319785148193332,-0.378060781476122
0.991896154033161,0.136962632339173,-0.492725872681822,0.700056550265618,-0.747977325110571,0.333132641150089,-0.390235086026692
0.991342484846825,0.156144756758264,-0.491288598095967,0.678992101882977,-0.742197304761312,0.346621437786886,-0.402429972664416
0.990514566257612,0.162100632769867,-0.487958674798046,0.644267295656982,-0.736380738802716,0.360039143752359,-0.414640295867503
0.989531403353652,0.164459640974237,-0.482309189544737,0.604652678359328,-0.730542577711331,0.373209348862111,-0.42686348287506
0.98868520703255,0.162382804854558,-0.475407425444345,0.570516499433446,-0.724695280217613,0.386081148684823,-0.439099533687088
0.988037335064047,0.161799353131857,-0.468575232391015,0.545049959742097,-0.718843829813742,0.398610660090048,-0.45133815726001
0.987299701214377,0.166167339820606,-0.463928202679434,0.523636539460103,-0.712982412425507,0.410922511168257,-0.463558771506673
0.986411986640175,0.170320082503317,-0.460767463518682,0.502630953807473,-0.707096077576362,0.423057952062069,-0.475748512622608
0.985555864740434,0.178514847343559,-0.45857597553629,0.486864151125855,-0.701179011192093,0.435070520190628,-0.487897089564239
0.984719060469016,0.190740686229703,-0.45711972702851,0.475764322037996,-0.695227060362549,0.447069923380054,-0.500007075092459
0.983819758616,0.200752217896341,-0.455813688735973,0.464471086837242,-0.68923856392367,0.459078980858179,-0.51207332368548
0.983000857636152,0.210711177970334,-0.454733756346381,0.456045307484186,-0.683216844203576,0.471070485084124,-0.524108699147773
0.982343781808178,0.218328584848123,-0.453527331143954,0.449578816144365,-0.677161901202267,0.483014595529187,-0.536110628718444
0.982177622461097,0.225828041315695,-0.452616582891531,0.450697208014581,-0.671077057247867,0.49488410465249,-0.548086830680174
0.981839931615402,0.232337003532832,-0.451546137462902,0.448956552998531,-0.664963142922403,0.506649171925328,-0.560024441228493
0.981266270614156,0.236492121749198,-0.450203732486675,0.442628809522308,-0.658823480553998,0.518273813180737,-0.571926033124297
0.980415487884159,0.232668545403936,-0.4482794605714,0.427824832924448,-0.652663053634835,0.529614091750849,-0.583786460845795
0.979109003524297,0.222813179254155,-0.445838149283655,0.405057569852192,-0.646486015075064,0.540476044199089,-0.595605724392989
0.977241168131223,0.209776560402849,-0.443060050881734,0.37727604307911,-0.640291534292656,0.550710467881937,-0.607373532722303
0.974737491362518,0.194344783921975,-0.440492246781153,0.347128655007642,-0.63407961128761,0.56024539446546,-0.619082167551053
0.971866063756832,0.180552435515881,-0.438063584774693,0.319797007671075,-0.627849415477896,0.569097499539227,-0.630721337835665
0.968910114494353,0.161322593855527,-0.435630179287751,0.295000662205713,-0.621596793953363,0.577161463590167,-0.642267888728091
0.964082356503175,0.136264845148773,-0.432440979244111,0.26476287779887,-0.61532257729604,0.584251222145183,-0.653711529184756
0.957586916020755,0.109737229828234,-0.428828028277468,0.235812505386991,-0.609034240744202,0.590193875670315,-0.665041968162084
0.949938981215153,0.0863896897707972,-0.425975615348005,0.211965531667098,-0.602730123133786,0.594958705974249,-0.676261778420968
0.940560293035598,0.0661346504118194,-0.424737566942368,0.191263929970169,-0.596406902136672,0.598648399582233,-0.687370959961409
0.924808372575576,0.0527611189176656,-0.425618273151742,0.16536012428445,-0.590050457858344,0.601216440375991,-0.698351503457148
0.902240888440794,0.0396912425951776,-0.427822410415418,0.139338593138708,-0.583652484478498,0.60284801516601,-0.709223990995337
0.875425435138624,0.0284398889283091,-0.430940458251838,0.117439134886048,-0.577206337340892,0.603480809907055,-0.719980704293295
0.838113435063317,0.0210252286838459,-0.434493325132383,0.0946159522202812,-0.570707032953342,0.603175383319144,-0.730621643351021
0.780486318023946,0.014208686500307,-0.437926023840733,0.0692427520008074,-0.56415623247991,0.601965086581416,-0.741133944364046
0.687427946732962,0.0147369845285625,-0.441538974807375,0.04008131465703,-0.557553105338566,0.599935052966939,-0.751504743527898
0.55722503749445,0.0228747365610638,-0.445501362169478,0.0111425045671174,-0.5509001432754,0.597273102274024,-0.761718604277215
0.400636418944974,0.0358733468738752,-0.449923867138274,-0.0154607164855586,-0.544192362798231,0.59412229350793,-0.771752371763949
0.430598013910922,0.0580118745697573,-0.454090224161076,-0.041407702188222,-0.537431425071119,0.590644116588701,-0.781595754944525
0.590341480346643,0.0865676482268449,-0.458394142117838,-0.0683571622277861,-0.530618991258124,0.587050965867701,-0.791225598970896
0.72228391029489,0.119916804680008,-0.463281508173807,-0.100809152313621,-0.523755061359248,0.583493799313668,-0.80064704936485
0.802871005438776,0.149830485016838,-0.468863003540218,-0.132930964528898,-0.516836313046367,0.580012989406612,-0.809860106126387
0.843491800754691,0.174066195794582,-0.474588384481229,-0.158433662754397,-0.509856101663241,0.57651287092216,-0.818846759929249
0.863671981456078,0.197026348283186,-0.480044968194963,-0.177240304993031,-0.502809443717685,0.572938151115948,-0.827601865251648
0.87157773200274,0.22119781636815,-0.485039853141844,-0.189458105503035,-0.495698000373762,0.569306383240155,-0.836120276571796
0.87079438733245,0.243716842585262,-0.490679851434191,-0.195081598459478,-0.48852011046741,0.56565179613653,-0.844396848367905
0.867208980610781,0.262540364706387,-0.496656636840716,-0.197884725752234,-0.481269129342387,0.561916464072881,-0.852436726161762
0.861635108569732,0.277990629036148,-0.502655558489486,-0.198344695942466,-0.473945056998692,0.558067035870071,-0.860239909953369
0.861362146426713,0.284119505868343,-0.508937507806978,-0.201310116190825,-0.466547893436326,0.553992048376763,-0.8678166907863
0.86317611479655,0.280656390934344,-0.515436076066453,-0.203833645516026,-0.459078469237318,0.549505437119862,-0.875177359704133
0.862403296167484,0.271220358116863,-0.522666721480219,-0.202860308230481,-0.451535123237609,0.544478185695855,-0.882327062228654
0.861471155122361,0.248025854068902,-0.530357484500678,-0.199113695465257,-0.443912871945016,0.538719841318601,-0.889270943881653
0.864276266049195,0.213882618685018,-0.537553344390913,-0.197471004849868,-0.436214207105629,0.531958328579328,-0.896001286380447
0.866364324733274,0.17286665458243,-0.544105672095844,-0.195990186742011,-0.428442451047572,0.523938247658835,-0.90250779868146
0.873168589234855,0.132579876028128,-0.550550480909863,-0.201661190330535,-0.420609231919267,0.514721912602357,-0.908803344589162
0.878683474314819,0.101918191785095,-0.556824524426553,-0.20898371394395,-0.412716210884778,0.504352328877733,-0.914872487538189
0.88195301346509,0.0833604712232501,-0.56360928267507,-0.215378729111614,-0.404763387944102,0.493096305918079,-0.92070750924586
0.886246643010362,0.0725683185404722,-0.570525277216905,-0.223247835217992,-0.396747440769119,0.481167115737368,-0.92630069142949
0.890942978269534,0.0690115249531738,-0.576913164265148,-0.23144278857979,-0.38867003052389,0.468734147219126,-0.9316443158064
0.898040084202937,0.0730502420204018,-0.582913667074079,-0.242713319584681,-0.380535310118566,0.455961523271224,-0.936738382376588
0.908100483667375,0.0855697175232273,-0.588827206074185,-0.259324381993891,-0.372342448971117,0.443047595643283,-0.941577745618267
0.919607495476094,0.0988889215955118,-0.594451392764927,-0.281579539315048,-0.364093108245603,0.430088907222286,-0.946167551053224
0.927290403589616,0.115880328877142,-0.599549053122238,-0.299878700731369,-0.355788118524056,0.417124075163026,-0.950512944203248
0.933755322335694,0.140030788981862,-0.604447487299331,-0.318766909895876,-0.347429971552565,0.404293525482934,-0.954619070590127
0.940045320219223,0.162322693524657,-0.609670059309318,-0.341070839193328,-0.339018667331132,0.391692923406384,-0.958501366779225
0.945504524277507,0.175474164264021,-0.615384372129206,-0.363762001164641,-0.330551714113665,0.379183598241164,-0.962167551053224
0.948933956234789,0.191856670627611,-0.621236245883054,-0.382571166091704,-0.322031603646255,0.366712890230738,-0.965640778260171
0.951703093729429,0.209295979615856,-0.627567211165521,-0.401301286781323,-0.313456674764841,0.35438348590035,-0.968926193921852
0.953939282362176,0.221494241654776,-0.633623054580068,-0.417980882226188,-0.304827758051454,0.342141847830857,-0.972034089081846
0.953740322625094,0.230526433750756,-0.639452792091669,-0.422842102828985,-0.296149006416246,0.329896699110928,-0.974959318218363
0.951294484275146,0.235850727662108,-0.645092790384016,-0.416169591934124,-0.287417097531095,0.317568172443149,-0.977691590287828
0.948269317876414,0.23838738447031,-0.649708196892388,-0.40631302779372,-0.278637014888183,0.30507464520489,-0.980218041485769
0.945318095680461,0.237162435376447,-0.653178843444589,-0.3960065842168,-0.269816233725783,0.292346782050045,-0.982528380768612
0.940736344009474,0.233767487929965,-0.655702375060677,-0.379739027882014,-0.26096222928217,0.279300327368153,-0.984614889853674
0.933594907640362,0.23388213324988,-0.657732584706703,-0.358029612157677,-0.252081646213584,0.26596599935053,-0.986485287023637
0.923461953088528,0.241806087253351,-0.659846595841233,-0.333736543033911,-0.243174484520027,0.252476325051124,-0.988142145039396
0.910956732859363,0.25580417753086,-0.662558285516415,-0.310543786513287,-0.234241574783529,0.239020879593467,-0.989608618748995
0.896917807989622,0.270451924621219,-0.666166493002576,-0.289666437522468,-0.225277102929878,0.225682163262799,-0.990894999196012
0.879381010068459,0.286605553481267,-0.670603228412816,-0.268483002335589,-0.216276916048921,0.212476851648689,-0.992006431902235
0.856840873657774,0.309784564918429,-0.675776784457828,-0.247545949718615,-0.207234369484416,0.199520796215519,-0.992950635150346
0.831485742453882,0.334321761902328,-0.681410458109533,-0.228866282797577,-0.198145310326211,0.186921071801578,-0.993727608940344
0.810640992267857,0.362921121437797,-0.687078917284768,-0.218358024146333,-0.189009738574306,0.174730338163403,-0.994342498794018
0.786167140308936,0.395998878334978,-0.692516527076577,-0.207864060729519,-0.179829315392762,0.163078489367118,-0.994787586428686
0.757622589512673,0.431342687771734,-0.6975288047852231,-0.196860934698108,-0.170605701945638,0.152053291673615,-0.995060299083454
0.726363765459124,0.461795996399517,-0.702504715810179,-0.184960992930166,-0.161343881725119,0.14165913339594,-0.995152918475639
0.690944546650646,0.481058475826621,-0.707515412358664,-0.170330240937767,-0.152042193567142,0.13171609369926,-0.995065444605242
0.649827280332406,0.4926996235812,-0.712695293044318,-0.153519045246519,-0.14270395979983,0.122019677195693,-0.994792731950474
0.607411337608024,0.49678347578789,-0.718403281223565,-0.136922278071741,-0.133327519259121,0.112421558904326,-0.994319343945972
0.532323322476397,0.495641153951623,-0.724455962317791,-0.109962727278461,-0.123916194273137,0.102783945795558,-0.993668435439781
0.398997852583795,0.488903933935376,-0.731278668410159,-0.0695685992562273,-0.114465001349696,0.0930167019194481,-0.992824569866538
0.249291071705614,0.475990326413817,-0.738548842827937,-0.0231350794541743,-0.104968956996615,0.083002747083966,-0.991790319987136
0.425056193379234,0.457190559629251,-0.74587593901149,0.0197505481591733,-0.0954272306318652,0.0726543150282168,-0.990560540279788
0.565736032986346,0.431039032600068,-0.752867829241027,0.0605811012796338,-0.0858413173031002,0.0618420382836431,-0.989130085222705
0.679138331804875,0.40132420508705,-0.759416994625637,0.103096389822634,-0.0762153699204717,0.0504832410324825,-0.987504100337675
0.759922269060923,0.370060116494105,-0.765189810371462,0.143862193940082,-0.0665536244523349,0.0385517689289883,-0.985685158385593
0.812520730206855,0.342306653508276,-0.770363366416474,0.179942104300553,-0.0568631408459477,0.026104143445177,-0.983670686605564
0.845697504513095,0.317873773437092,-0.775530597820845,0.209705623282733,-0.0471481550696651,0.0132570937080367,-0.981460684997588
0.865548953774993,0.294518146236819,-0.781278115004103,0.2313481877637,-0.0374090824145019,9.11013788080783e-05,-0.979055153561666
0.878310600629833,0.271420729216534,-0.78788894563497,0.247526609107326,-0.0276393612824186,-0.0133594291682391,-0.976446374015115
0.886399851184613,0.252754198884842,-0.794779641614238,0.259654013281955,-0.0178369152183392,-0.0269870720297702,-0.973657501205982
0.890030708752792,0.237866832747454,-0.801294021475317,0.26584889516758,-0.0080026578624971,-0.0406471006415713,-0.970693680656054
0.894174132436742,0.225685509296341,-0.807226534397349,0.27374659174282,0.00186482277455924,-0.054244551909355,-0.967557485126226
0.900916410574467,0.219344900116556,-0.812670468829799,0.288111620554025,0.0117617890736934,-0.0676506727283897,-0.964254060138286
0.907232465042026,0.216914625902509,-0.817404462350205,0.303238080822733,0.0216863306962354,-0.0807335504085519,-0.960785978453128
0.913590177450265,0.220988149702,-0.821327320708297,0.320542882549933,0.0316326335679726,-0.0933648706764145,-0.957148094548963
0.919922023404792,0.223727243291312,-0.82494343399526,0.339219185886399,0.0415983720592206,-0.105462572078042,-0.953335262904004
0.924869896224322,0.220709282707613,-0.828138958679542,0.354654675487667,0.051581885005918,-0.117092479309104,-0.949342337996463
0.928191501980127,0.21136062821504,-0.830834836753119,0.365016197761955,0.0615775244502586,-0.128407305663557,-0.945174465348127
0.931233920765105,0.200459820688523,-0.83309115230209,0.374835342023995,0.0715781473867814,-0.139494817402294,-0.940839363241679
0.935217484623834,0.187117171131895,-0.835644725961227,0.38886905775485,0.0815822587678314,-0.150347993224444,-0.936334458916225
0.939496859245524,0.169491227825555,-0.839150158036958,0.405810171900194,0.0915916028156731,-0.161030902500461,-0.931654606849976
0.942948004861155,0.142651828876884,-0.843926842881696,0.421455044641074,0.10161340559397,-0.171667295658203,-0.926799807042933
0.945549291236906,0.10973348061642,-0.849078262684462,0.435767096995268,0.111649328266783,-0.182445870158593,-0.92177263225599
0.947025052693041,0.0736818241206523,-0.854359337620386,0.447350441365363,0.121700201416142,-0.19346755720166,-0.916565364206464
0.947345742396124,0.0364884035226065,-0.858960513687313,0.455166571014731,0.131759380385805,-0.204792037844812,-0.91118057565525
0.94638337742082,0.000290744662666542,-0.862627224099411,0.457794371461667,0.141818559355468,-0.216410535461958,-0.905631130406818
0.942603934949283,-0.0299642585468861,-0.864926230972714,0.446391819762321,0.151866940758737,-0.228260736007864,-0.899914455700273
0.934451707606899,-0.0568119202213171,-0.866274960589583,0.417797146418939,0.161895388193277,-0.240224155030323,-0.894030551535617
0.921442191930796,-0.0794776098206628,-0.866390385281296,0.377523266545157,0.171894765256754,-0.252223558219749,-0.887984563434636
0.901187927339049,-0.0925585375388541,-0.864940461414158,0.326032252571566,0.181856766128865,-0.264077269416091,-0.881776491397331
0.868631203891524,-0.100296580212734,-0.862440647200477,0.265750089870775,0.191774746153367,-0.275600101808863,-0.875421771989066
0.826483570937688,-0.110327529284908,-0.858587359889445,0.212362855094675,0.201645383002139,-0.286764847857187,-0.868917832448947
0.773292174814557,-0.115549571964985,-0.852895183311803,0.163914203366528,0.211457048526755,-0.297532012743661,-0.86226210001608
0.699942942182606,-0.122145292802598,-0.846072477219435,0.116426695929853,0.221200606324882,-0.30783138345957,-0.855454574690465
0.602711603284392,-0.131250816589694,-0.838925633294173,0.071073382904161,0.230870242322307,-0.317715619761451,-0.84848753818942
0.477749349124021,-0.141374721326663,-0.831732935724258,0.0270461630960115,0.240465125937,-0.327213684515399,-0.84135841775205
0.3245275078017,-0.151465575160594,-0.82452758887306,-0.0165367271901664,0.249985257168961,-0.33632733304663,-0.834067213378357
0.404871539765113,-0.161184606335342,-0.81721314197079,-0.0598413649426193,0.259426483108038,-0.345044278078621,-0.826611352307445
0.553614614085185,-0.163731591550743,-0.810330351792324,-0.107266393795868,0.26878631200814,-0.353281141663522,-0.818988261778421
0.674653153724711,-0.161309580062456,-0.804089512639004,-0.156737995681998,0.278068066197388,-0.36087380089346,-0.811200514552179
0.754162525233046,-0.156075143293739,-0.797938799614829,-0.200379664608573,0.287273406839843,-0.367744143796242,-0.803248110628719
0.808923393777789,-0.15197476563553,-0.791032292033957,-0.240887734058186,0.296400672771445,-0.373867595818815,-0.795133622768934
0.847855434148908,-0.150823148232784,-0.783275120286759,-0.279547934233513,0.30544321933595,-0.379283651778583,-0.786857050972825
0.872175874222524,-0.15606894624942,-0.774834887350244,-0.311538566650479,0.314395232459146,-0.384102019501663,-0.778413249718604
0.888263670559747,-0.165229210594674,-0.76566732073992,-0.338144941063692,0.323252559230881,-0.388420997200256,-0.769802219006271
0.900863690153453,-0.176722662126299,-0.755566869634926,-0.363419335986361,0.332017691397247,-0.392366090627441,-0.76103939540119
0.914884074407038,-0.180322112035331,-0.744411784702908,-0.394170907936588,0.340681492555909,-0.395856554823195,-0.752119633381573
0.927599663162413,-0.179696210559041,-0.732314328315258,-0.426533636896841,0.349240640378745,-0.39875020844487,-0.743045505708313
0.938695914910141,-0.169755118629503,-0.718053844828104,-0.4566339347843,0.357681845553272,-0.400909258462862,-0.733814439620518
0.948726528908191,-0.152954931478764,-0.701778963296529,-0.486695971897251,0.366005108079487,-0.402245938616277,-0.72444187168355
0.957159753339632,-0.130955424143788,-0.684043089776693,-0.514311001234015,0.374195477480845,-0.402650541078998,-0.714925229136517
0.9631908703643,-0.109187273130081,-0.665156131660044,-0.533815587271355,0.38223966444486,-0.402073916744925,-0.70524650265316
0.9684452216157,-0.0827682403544295,-0.645407441255947,-0.550637714612463,0.390140160717623,-0.400591544598425,-0.695408264994372
0.972503038153949,-0.0613347297339867,-0.625661913172171,-0.564848859429494,0.397884507568679,-0.398175339436014,-0.685389934073002
0.975745220849649,-0.0457109481632736,-0.606155140272624,-0.578092973682053,0.405474366162088,-0.39504910522297,-0.67517864608458
0.97874725246291,-0.0242795032242704,-0.586817551510245,-0.589827679357892,0.412913058825972,-0.391218985597557,-0.66477182826821
0.981460777809608,-0.00332213217572552,-0.567024588621655,-0.602247715390291,0.42019643265018,-0.386645485742371,-0.654156616819424
0.98414209158826,0.0197719797542562,-0.546219683230373,-0.618308831721966,0.427317842978467,-0.381341770596547,-0.643335584499116
0.9868738772059,0.0447077499719843,-0.52471590504817,-0.64333390093823,0.434269814572562,-0.37526307936703,-0.63231902235086
0.989474434102064,0.0703904705983816,-0.502967047041096,-0.679690045681683,0.441050686268403,-0.368391858801639,-0.621119794179128
